target,pr_original,pr_with_spam,amplification,predicted_amplification,error,m,n,boost
0,0.0010820847097483823,0.034352489126171434,31.74658029698935,46.06418504609508,0.3108185835650522,100,1000,0.03327040441642305
